url,label
https://google.com,0
https://youtube.com,0
https://github.com,0
https://microsoft.com,0
https://amazon.com,0
http://example.com/login/verify,1
http://secure-login-example.com,1
http://verify-account-example.com,1
http://password-update-example.com,1
http://account-security-example.com,1
https://facebook.com,0
https://instagram.com,0
https://linkedin.com,0
https://apple.com,0
https://netflix.com,0
https://wikipedia.org,0
http://login-verify-example.com,1
http://secure-account-example.com,1
http://verify-password-example.com,1
http://update-bank-account-example.com,1
http://login-security-check-example.com,1
http://account-verify-now-example.com,1
http://password-reset-example.com,1
http://confirm-your-account-example.com,1
http://urgent-login-example.com,1
http://secure-payment-verify-example.com,1